{"cameraMode":{"drawMode":0,"name":"Shaded","section":"Shading Mode"},"sceneLighting":true,"audioPlay":false,"sceneViewState":{"showFog":true,"showMaterialUpdate":false,"showSkybox":true,"showFlares":true,"showImageEffects":true,"showParticleSystems":true,"showVisualEffectGraphs":true,"m_FxEnabled":true},"in2DMode":false,"pivot":{"x":2.5708041191101076,"y":-3.9315061569213869,"z":-0.04425811767578125},"rotation":{"x":0.12290874868631363,"y":-0.8693498969078064,"z":0.39482590556144717,"w":0.2706294357776642},"size":8.525300025939942,"orthographic":false}